<?xml version="1.0" encoding="UTF-8"?>
<GenRun Id="impl_1" LaunchPart="xc7z020clg400-2" LaunchTime="1715230684">
  <File Type="ROUTE-PWR" Name="LED_STREAM_power_routed.rpt"/>
  <File Type="PA-TCL" Name="LED_STREAM.tcl"/>
  <File Type="BITSTR-MMI" Name="LED_STREAM.mmi"/>
  <File Type="OPT-METHODOLOGY-DRC" Name="LED_STREAM_methodology_drc_opted.rpt"/>
  <File Type="INIT-TIMING" Name="LED_STREAM_timing_summary_init.rpt"/>
  <File Type="ROUTE-PWR-SUM" Name="LED_STREAM_power_summary_routed.pb"/>
  <File Type="REPORTS-TCL" Name="LED_STREAM_reports.tcl"/>
  <File Type="OPT-TIMING" Name="LED_STREAM_timing_summary_opted.rpt"/>
  <File Type="OPT-DCP" Name="LED_STREAM_opt.dcp"/>
  <File Type="OPT-DRC" Name="LED_STREAM_drc_opted.rpt"/>
  <File Type="OPT-HWDEF" Name="LED_STREAM.hwdef"/>
  <File Type="PWROPT-DCP" Name="LED_STREAM_pwropt.dcp"/>
  <File Type="PWROPT-DRC" Name="LED_STREAM_drc_pwropted.rpt"/>
  <File Type="PWROPT-TIMING" Name="LED_STREAM_timing_summary_pwropted.rpt"/>
  <File Type="PLACE-DCP" Name="LED_STREAM_placed.dcp"/>
  <File Type="PLACE-IO" Name="LED_STREAM_io_placed.rpt"/>
  <File Type="PLACE-CLK" Name="LED_STREAM_clock_utilization_placed.rpt"/>
  <File Type="PLACE-UTIL" Name="LED_STREAM_utilization_placed.rpt"/>
  <File Type="PLACE-UTIL-PB" Name="LED_STREAM_utilization_placed.pb"/>
  <File Type="PLACE-CTRL" Name="LED_STREAM_control_sets_placed.rpt"/>
  <File Type="PLACE-SIMILARITY" Name="LED_STREAM_incremental_reuse_placed.rpt"/>
  <File Type="PLACE-PRE-SIMILARITY" Name="LED_STREAM_incremental_reuse_pre_placed.rpt"/>
  <File Type="BG-BIN" Name="LED_STREAM.bin"/>
  <File Type="PLACE-TIMING" Name="LED_STREAM_timing_summary_placed.rpt"/>
  <File Type="POSTPLACE-PWROPT-DCP" Name="LED_STREAM_postplace_pwropt.dcp"/>
  <File Type="BITSTR-MSK" Name="LED_STREAM.msk"/>
  <File Type="POSTPLACE-PWROPT-TIMING" Name="LED_STREAM_timing_summary_postplace_pwropted.rpt"/>
  <File Type="PHYSOPT-DCP" Name="LED_STREAM_physopt.dcp"/>
  <File Type="PHYSOPT-DRC" Name="LED_STREAM_drc_physopted.rpt"/>
  <File Type="BITSTR-RBT" Name="LED_STREAM.rbt"/>
  <File Type="PHYSOPT-TIMING" Name="LED_STREAM_timing_summary_physopted.rpt"/>
  <File Type="ROUTE-ERROR-DCP" Name="LED_STREAM_routed_error.dcp"/>
  <File Type="ROUTE-DCP" Name="LED_STREAM_routed.dcp"/>
  <File Type="ROUTE-BLACKBOX-DCP" Name="LED_STREAM_routed_bb.dcp"/>
  <File Type="ROUTE-DRC" Name="LED_STREAM_drc_routed.rpt"/>
  <File Type="ROUTE-DRC-PB" Name="LED_STREAM_drc_routed.pb"/>
  <File Type="ROUTE-DRC-RPX" Name="LED_STREAM_drc_routed.rpx"/>
  <File Type="ROUTE-METHODOLOGY-DRC" Name="LED_STREAM_methodology_drc_routed.rpt"/>
  <File Type="ROUTE-METHODOLOGY-DRC-RPX" Name="LED_STREAM_methodology_drc_routed.rpx"/>
  <File Type="ROUTE-METHODOLOGY-DRC-PB" Name="LED_STREAM_methodology_drc_routed.pb"/>
  <File Type="ROUTE-PWR-RPX" Name="LED_STREAM_power_routed.rpx"/>
  <File Type="ROUTE-STATUS" Name="LED_STREAM_route_status.rpt"/>
  <File Type="ROUTE-STATUS-PB" Name="LED_STREAM_route_status.pb"/>
  <File Type="ROUTE-TIMINGSUMMARY" Name="LED_STREAM_timing_summary_routed.rpt"/>
  <File Type="ROUTE-TIMING-PB" Name="LED_STREAM_timing_summary_routed.pb"/>
  <File Type="ROUTE-TIMING-RPX" Name="LED_STREAM_timing_summary_routed.rpx"/>
  <File Type="ROUTE-SIMILARITY" Name="LED_STREAM_incremental_reuse_routed.rpt"/>
  <File Type="ROUTE-CLK" Name="LED_STREAM_clock_utilization_routed.rpt"/>
  <File Type="ROUTE-BUS-SKEW" Name="LED_STREAM_bus_skew_routed.rpt"/>
  <File Type="ROUTE-BUS-SKEW-PB" Name="LED_STREAM_bus_skew_routed.pb"/>
  <File Type="ROUTE-BUS-SKEW-RPX" Name="LED_STREAM_bus_skew_routed.rpx"/>
  <File Type="POSTROUTE-PHYSOPT-DCP" Name="LED_STREAM_postroute_physopt.dcp"/>
  <File Type="POSTROUTE-PHYSOPT-BLACKBOX-DCP" Name="LED_STREAM_postroute_physopt_bb.dcp"/>
  <File Type="POSTROUTE-PHYSOPT-TIMING" Name="LED_STREAM_timing_summary_postroute_physopted.rpt"/>
  <File Type="POSTROUTE-PHYSOPT-TIMING-PB" Name="LED_STREAM_timing_summary_postroute_physopted.pb"/>
  <File Type="POSTROUTE-PHYSOPT-TIMING-RPX" Name="LED_STREAM_timing_summary_postroute_physopted.rpx"/>
  <File Type="POSTROUTE-PHYSOPT-BUS-SKEW" Name="LED_STREAM_bus_skew_postroute_physopted.rpt"/>
  <File Type="BG-BIT" Name="LED_STREAM.bit"/>
  <File Type="POSTROUTE-PHYSOPT-BUS-SKEW-PB" Name="LED_STREAM_bus_skew_postroute_physopted.pb"/>
  <File Type="POSTROUTE-PHYSOPT-BUS-SKEW-RPX" Name="LED_STREAM_bus_skew_postroute_physopted.rpx"/>
  <File Type="BITSTR-NKY" Name="LED_STREAM.nky"/>
  <File Type="BITSTR-BMM" Name="LED_STREAM_bd.bmm"/>
  <File Type="PDI-FILE" Name="LED_STREAM.pdi"/>
  <File Type="RCFI_FILE" Name="LED_STREAM.rcfi"/>
  <File Type="CFI_FILE" Name="LED_STREAM.cfi"/>
  <File Type="RNPI_FILE" Name="LED_STREAM.rnpi"/>
  <File Type="NPI_FILE" Name="LED_STREAM.npi"/>
  <File Type="RBD_FILE" Name="LED_STREAM.rbd"/>
  <File Type="BITSTR-LTX" Name="debug_nets.ltx"/>
  <File Type="BITSTR-LTX" Name="LED_STREAM.ltx"/>
  <File Type="BITSTR-SYSDEF" Name="LED_STREAM.sysdef"/>
  <File Type="BG-BGN" Name="LED_STREAM.bgn"/>
  <File Type="BG-DRC" Name="LED_STREAM.drc"/>
  <File Type="RDI-RDI" Name="LED_STREAM.vdi"/>
  <File Type="WBT-USG" Name="usage_statistics_webtalk.html"/>
  <File Type="ROUTE-RQS" Name="LED_STREAM_routed.rqs"/>
  <File Type="POSTROUTE-PHYSOPT-RQS" Name="LED_STREAM_postroute_physopted.rqs"/>
  <File Type="ROUTE-RQS-RPT" Name="route_report_qor_suggestions_0.rpt"/>
  <File Type="POSTROUTE-PHYSOPT-RQS-RPT" Name="postroute_physopt_report_qor_suggestions_0.rpt"/>
  <FileSet Name="sources" Type="DesignSrcs" RelSrcDir="$PSRCDIR/sources_1" RelGenDir="$PGENDIR/sources_1">
    <Filter Type="Srcs"/>
    <File Path="$PSRCDIR/sources_1/new/LED_STREAM.v">
      <FileInfo>
        <Attr Name="UsedIn" Val="synthesis"/>
        <Attr Name="UsedIn" Val="implementation"/>
        <Attr Name="UsedIn" Val="simulation"/>
      </FileInfo>
    </File>
    <Config>
      <Option Name="DesignMode" Val="RTL"/>
      <Option Name="TopModule" Val="LED_STREAM"/>
      <Option Name="TopAutoSet" Val="TRUE"/>
    </Config>
  </FileSet>
  <FileSet Name="constrs_in" Type="Constrs" RelSrcDir="$PSRCDIR/constrs_1">
    <Filter Type="Constrs"/>
    <File Path="$PSRCDIR/constrs_1/new/LED_STREAM.xdc">
      <FileInfo>
        <Attr Name="UsedIn" Val="synthesis"/>
        <Attr Name="UsedIn" Val="implementation"/>
      </FileInfo>
    </File>
    <Config>
      <Option Name="TargetConstrsFile" Val="$PSRCDIR/constrs_1/new/LED_STREAM.xdc"/>
      <Option Name="ConstrsType" Val="XDC"/>
    </Config>
  </FileSet>
  <FileSet Name="utils" Type="Utils" RelSrcDir="$PSRCDIR/utils_1">
    <Filter Type="Utils"/>
    <File Path="$PSRCDIR/utils_1/imports/synth_1/LED_STREAM.dcp">
      <FileInfo>
        <Attr Name="UsedIn" Val="synthesis"/>
        <Attr Name="UsedIn" Val="implementation"/>
        <Attr Name="UsedInSteps" Val="synth_1"/>
        <Attr Name="AutoDcp" Val="1"/>
      </FileInfo>
    </File>
    <Config>
      <Option Name="TopAutoSet" Val="TRUE"/>
    </Config>
  </FileSet>
  <Strategy Version="1" Minor="2">
    <StratHandle Name="Vivado Implementation Defaults" Flow="Vivado Implementation 2022"/>
    <Step Id="init_design"/>
    <Step Id="opt_design"/>
    <Step Id="power_opt_design"/>
    <Step Id="place_design"/>
    <Step Id="post_place_power_opt_design"/>
    <Step Id="phys_opt_design"/>
    <Step Id="route_design"/>
    <Step Id="post_route_phys_opt_design"/>
    <Step Id="write_bitstream"/>
  </Strategy>
</GenRun>
