<?xml version="1.0" encoding="UTF-8"?>
<!-- Product Version: Vivado v2022.2 (64-bit)                     -->
<!--                                                              -->
<!-- Copyright 1986-2022 Xilinx, Inc. All Rights Reserved.        -->

<hwsession version="1" minor="2">
  <device name="xc7z020_1" gui_info="dashboard1=hw_ila_1[xc7z020_1/hw_ila_1/Waveform=ILA_WAVE_1;xc7z020_1/hw_ila_1/Capture Setup=ILA_CAPTURE_1;xc7z020_1/hw_ila_1/Status=ILA_STATUS_1;xc7z020_1/hw_ila_1/Trigger Setup=ILA_TRIGGER_1;xc7z020_1/hw_ila_1/Settings=ILA_SETTINGS_1;]"/>
  <ObjectList object_type="hw_device" gui_info="">
    <Object name="xc7z020_1" gui_info="">
      <Properties Property="FULL_PROBES.FILE" value="$_project_name_.runs/impl_1/LED_STREAM.ltx"/>
      <Properties Property="PROBES.FILE" value="$_project_name_.runs/impl_1/LED_STREAM.ltx"/>
      <Properties Property="PROGRAM.HW_BITSTREAM" value="$_project_name_.runs/impl_1/LED_STREAM.bit"/>
      <Properties Property="SLR.COUNT" value="1"/>
    </Object>
  </ObjectList>
  <ObjectList object_type="hw_ila" gui_info="">
    <Object name="u_ila_0" gui_info="">
      <Properties Property="CONTROL.DATA_DEPTH" value="2048"/>
      <Properties Property="CONTROL.TRIGGER_CONDITION" value="AND"/>
      <Properties Property="CONTROL.TRIGGER_POSITION" value="2047"/>
      <Properties Property="CONTROL.WINDOW_COUNT" value="2"/>
      <Properties Property="CORE_REFRESH_RATE_MS" value="500"/>
    </Object>
  </ObjectList>
  <ObjectList object_type="hw_probe" gui_info="">
    <Object name="CNT[31:0]" gui_info="Trigger Setup=0"/>
  </ObjectList>
  <probeset name="hw project" active="false">
    <probe type="ila" busType="bus" source="netlist" spec="ILA_V2_RT">
      <probeOptions Id="DebugProbeParams">
        <Option Id="CAPTURE_COMPARE_VALUE" value="eq32&apos;hXXXX_XXXX"/>
        <Option Id="COMPARE_VALUE.0" value="eq32&apos;h0000_0000"/>
        <Option Id="DISPLAY_AS_ENUM" value="1"/>
        <Option Id="DISPLAY_HINT" value=""/>
        <Option Id="DISPLAY_RADIX" value="UNSIGNED"/>
        <Option Id="DISPLAY_VISIBILITY" value=""/>
        <Option Id="HW_ILA" value="hw_ila_1"/>
        <Option Id="LINK_TO_WAVEFORM" value="1"/>
        <Option Id="MAP" value="probe0[31:0]"/>
        <Option Id="NAME.CUSTOM" value=""/>
        <Option Id="NAME.SELECT" value="Long"/>
        <Option Id="SOURCE" value="netlist"/>
        <Option Id="TRIGGER_COMPARE_VALUE" value="eq32&apos;h0000_0000"/>
        <Option Id="WAVEFORM_STYLE" value="Digital"/>
      </probeOptions>
      <nets>
        <net name="CNT[31]"/>
        <net name="CNT[30]"/>
        <net name="CNT[29]"/>
        <net name="CNT[28]"/>
        <net name="CNT[27]"/>
        <net name="CNT[26]"/>
        <net name="CNT[25]"/>
        <net name="CNT[24]"/>
        <net name="CNT[23]"/>
        <net name="CNT[22]"/>
        <net name="CNT[21]"/>
        <net name="CNT[20]"/>
        <net name="CNT[19]"/>
        <net name="CNT[18]"/>
        <net name="CNT[17]"/>
        <net name="CNT[16]"/>
        <net name="CNT[15]"/>
        <net name="CNT[14]"/>
        <net name="CNT[13]"/>
        <net name="CNT[12]"/>
        <net name="CNT[11]"/>
        <net name="CNT[10]"/>
        <net name="CNT[9]"/>
        <net name="CNT[8]"/>
        <net name="CNT[7]"/>
        <net name="CNT[6]"/>
        <net name="CNT[5]"/>
        <net name="CNT[4]"/>
        <net name="CNT[3]"/>
        <net name="CNT[2]"/>
        <net name="CNT[1]"/>
        <net name="CNT[0]"/>
      </nets>
    </probe>
  </probeset>
</hwsession>
